-- phpMyAdmin SQL Dump
-- version 5.2.1
-- https://www.phpmyadmin.net/
--
-- Хост: 127.0.0.1
-- Время создания: Май 19 2025 г., 12:24
-- Версия сервера: 10.4.32-MariaDB
-- Версия PHP: 8.2.12

SET SQL_MODE = "NO_AUTO_VALUE_ON_ZERO";
START TRANSACTION;
SET time_zone = "+00:00";


/*!40101 SET @OLD_CHARACTER_SET_CLIENT=@@CHARACTER_SET_CLIENT */;
/*!40101 SET @OLD_CHARACTER_SET_RESULTS=@@CHARACTER_SET_RESULTS */;
/*!40101 SET @OLD_COLLATION_CONNECTION=@@COLLATION_CONNECTION */;
/*!40101 SET NAMES utf8mb4 */;

--
-- База данных: `pc_club`
--

-- --------------------------------------------------------

--
-- Структура таблицы `cart`
--

CREATE TABLE `cart` (
  `id` int(11) NOT NULL,
  `user_id` int(11) DEFAULT NULL,
  `product_id` int(11) DEFAULT NULL,
  `quantity` int(11) DEFAULT NULL
) ENGINE=InnoDB DEFAULT CHARSET=utf8mb4 COLLATE=utf8mb4_general_ci;

--
-- Дамп данных таблицы `cart`
--

INSERT INTO `cart` (`id`, `user_id`, `product_id`, `quantity`) VALUES
(5, 1, 3, 1),
(6, 1, 5, 1);

-- --------------------------------------------------------

--
-- Структура таблицы `orders`
--

CREATE TABLE `orders` (
  `id` int(11) NOT NULL,
  `user_id` int(11) DEFAULT NULL,
  `order_date` datetime DEFAULT current_timestamp(),
  `total_amount` decimal(10,2) DEFAULT NULL,
  `status` varchar(20) DEFAULT 'pending'
) ENGINE=InnoDB DEFAULT CHARSET=utf8mb4 COLLATE=utf8mb4_general_ci;

--
-- Дамп данных таблицы `orders`
--

INSERT INTO `orders` (`id`, `user_id`, `order_date`, `total_amount`, `status`) VALUES
(1, 1, '2025-05-12 23:36:46', 119999.99, 'pending'),
(2, 2, '2025-05-12 23:37:50', 7999.99, 'pending'),
(3, 1, '2025-05-13 22:03:18', 4999.99, 'pending'),
(4, 1, '2025-05-19 12:22:20', 15999.98, 'pending');

-- --------------------------------------------------------

--
-- Структура таблицы `order_items`
--

CREATE TABLE `order_items` (
  `id` int(11) NOT NULL,
  `order_id` int(11) DEFAULT NULL,
  `product_id` int(11) DEFAULT NULL,
  `quantity` int(11) DEFAULT NULL,
  `price` decimal(10,2) DEFAULT NULL
) ENGINE=InnoDB DEFAULT CHARSET=utf8mb4 COLLATE=utf8mb4_general_ci;

--
-- Дамп данных таблицы `order_items`
--

INSERT INTO `order_items` (`id`, `order_id`, `product_id`, `quantity`, `price`) VALUES
(1, 1, 2, 1, 119999.99),
(2, 2, 4, 1, 7999.99),
(3, 3, 3, 1, 4999.99),
(4, 4, 4, 2, 7999.99);

-- --------------------------------------------------------

--
-- Структура таблицы `products`
--

CREATE TABLE `products` (
  `id` int(11) NOT NULL,
  `name` varchar(100) NOT NULL,
  `description` text DEFAULT NULL,
  `price` decimal(10,2) NOT NULL,
  `image` varchar(255) DEFAULT NULL,
  `category` varchar(50) DEFAULT NULL,
  `stock` int(11) DEFAULT 0
) ENGINE=InnoDB DEFAULT CHARSET=utf8mb4 COLLATE=utf8mb4_general_ci;

--
-- Дамп данных таблицы `products`
--

INSERT INTO `products` (`id`, `name`, `description`, `price`, `image`, `category`, `stock`) VALUES
(1, 'Игровой компьютер AMD Ryzen 5', 'Мощный игровой компьютер на базе процессора AMD Ryzen 5 5600X и видеокарты NVIDIA RTX 3060', 89999.99, 'pc1.jpg', 'Компьютеры', 10),
(2, 'Игровой компьютер Intel i7', 'Высокопроизводительный ПК с процессором Intel Core i7-12700K и видеокартой NVIDIA RTX 3070', 119999.99, 'pc2.jpg', 'Компьютеры', 4),
(3, 'Игровая мышь Razer DeathAdder', 'Эргономичная игровая мышь с оптическим сенсором 16000 DPI', 4999.99, 'mouse1.jpg', 'Периферия', 19),
(4, 'Механическая клавиатура HyperX', 'Игровая клавиатура с механическими переключателями и RGB-подсветкой', 7999.99, 'keyboard1.jpg', 'Периферия', 12),
(5, 'Игровой монитор ASUS 27\"', 'Монитор с частотой обновления 144 Гц и разрешением 2560x1440', 34999.99, 'monitor1.jpg', 'Мониторы', 8),
(6, 'Игровое кресло DXRacer', 'Эргономичное кресло для геймеров с регулируемой спинкой и подлокотниками', 29999.99, 'chair1.jpg', 'Аксессуары', 3);

-- --------------------------------------------------------

--
-- Структура таблицы `users`
--

CREATE TABLE `users` (
  `id` int(11) NOT NULL,
  `username` varchar(50) NOT NULL,
  `email` varchar(100) NOT NULL,
  `password` varchar(255) NOT NULL,
  `created_at` datetime DEFAULT current_timestamp(),
  `is_admin` tinyint(1) DEFAULT 0
) ENGINE=InnoDB DEFAULT CHARSET=utf8mb4 COLLATE=utf8mb4_general_ci;

--
-- Дамп данных таблицы `users`
--

INSERT INTO `users` (`id`, `username`, `email`, `password`, `created_at`, `is_admin`) VALUES
(1, 'admin', 'admin@pcclub.ru', '$2y$10$92IXUNpkjO0rOQ5byMi.Ye4oKoEa3Ro9llC/.og/at2.uheWG/igi', '2025-05-12 22:18:10', 1),
(2, 'user1', 'user1@example.com', '$2y$10$92IXUNpkjO0rOQ5byMi.Ye4oKoEa3Ro9llC/.og/at2.uheWG/igi', '2025-05-12 22:18:10', 0),
(3, 'user2', 'user2@example.com', '$2y$10$92IXUNpkjO0rOQ5byMi.Ye4oKoEa3Ro9llC/.og/at2.uheWG/igi', '2025-05-12 22:18:10', 0);

--
-- Индексы сохранённых таблиц
--

--
-- Индексы таблицы `cart`
--
ALTER TABLE `cart`
  ADD PRIMARY KEY (`id`),
  ADD KEY `user_id` (`user_id`),
  ADD KEY `product_id` (`product_id`);

--
-- Индексы таблицы `orders`
--
ALTER TABLE `orders`
  ADD PRIMARY KEY (`id`),
  ADD KEY `user_id` (`user_id`);

--
-- Индексы таблицы `order_items`
--
ALTER TABLE `order_items`
  ADD PRIMARY KEY (`id`),
  ADD KEY `order_id` (`order_id`),
  ADD KEY `product_id` (`product_id`);

--
-- Индексы таблицы `products`
--
ALTER TABLE `products`
  ADD PRIMARY KEY (`id`);

--
-- Индексы таблицы `users`
--
ALTER TABLE `users`
  ADD PRIMARY KEY (`id`),
  ADD UNIQUE KEY `username` (`username`),
  ADD UNIQUE KEY `email` (`email`);

--
-- AUTO_INCREMENT для сохранённых таблиц
--

--
-- AUTO_INCREMENT для таблицы `cart`
--
ALTER TABLE `cart`
  MODIFY `id` int(11) NOT NULL AUTO_INCREMENT, AUTO_INCREMENT=7;

--
-- AUTO_INCREMENT для таблицы `orders`
--
ALTER TABLE `orders`
  MODIFY `id` int(11) NOT NULL AUTO_INCREMENT, AUTO_INCREMENT=5;

--
-- AUTO_INCREMENT для таблицы `order_items`
--
ALTER TABLE `order_items`
  MODIFY `id` int(11) NOT NULL AUTO_INCREMENT, AUTO_INCREMENT=5;

--
-- AUTO_INCREMENT для таблицы `products`
--
ALTER TABLE `products`
  MODIFY `id` int(11) NOT NULL AUTO_INCREMENT, AUTO_INCREMENT=7;

--
-- AUTO_INCREMENT для таблицы `users`
--
ALTER TABLE `users`
  MODIFY `id` int(11) NOT NULL AUTO_INCREMENT, AUTO_INCREMENT=4;

--
-- Ограничения внешнего ключа сохраненных таблиц
--

--
-- Ограничения внешнего ключа таблицы `cart`
--
ALTER TABLE `cart`
  ADD CONSTRAINT `cart_ibfk_1` FOREIGN KEY (`user_id`) REFERENCES `users` (`id`),
  ADD CONSTRAINT `cart_ibfk_2` FOREIGN KEY (`product_id`) REFERENCES `products` (`id`);

--
-- Ограничения внешнего ключа таблицы `orders`
--
ALTER TABLE `orders`
  ADD CONSTRAINT `orders_ibfk_1` FOREIGN KEY (`user_id`) REFERENCES `users` (`id`);

--
-- Ограничения внешнего ключа таблицы `order_items`
--
ALTER TABLE `order_items`
  ADD CONSTRAINT `order_items_ibfk_1` FOREIGN KEY (`order_id`) REFERENCES `orders` (`id`),
  ADD CONSTRAINT `order_items_ibfk_2` FOREIGN KEY (`product_id`) REFERENCES `products` (`id`);
COMMIT;

/*!40101 SET CHARACTER_SET_CLIENT=@OLD_CHARACTER_SET_CLIENT */;
/*!40101 SET CHARACTER_SET_RESULTS=@OLD_CHARACTER_SET_RESULTS */;
/*!40101 SET COLLATION_CONNECTION=@OLD_COLLATION_CONNECTION */;
